target,model,alpha,beta,alpha_beta_sum,lengthscale,sigma2,noise,lml,map,rmse,edge_rmse,interior_rmse,left_edge_rmse,right_edge_rmse,prior_sd_left,prior_sd_right,prior_sd_centre
ramp_right,jacobi Legendre (space fixed),0.0,0.0,0.0,1.4224122188867419,0.399519116070362,0.0011444120334599833,107.2209408164563,107.14768266690088,0.0035588530751705337,0.0009766123052530754,0.003939474495428707,0.0007637777188416667,0.0004667045907752385,0.6597658043514764,0.6597658043514764,0.4518339807123691
ramp_right,jacobi MAP space (alpha,beta learned),1.3681241310935688,-0.8713673337136336,0.49675679737993517,1.2317992134344917,0.11858395846818187,0.0011481620670538539,109.48312591019624,108.3462143444813,0.003905534845972315,0.0037188624840398445,0.003994240470595241,0.003108742913519232,0.005665945835338636,0.08282402701438775,0.5631437085170067,0.22046609120349506
ramp_right,jacobi mirrored (wrong space),-0.8713673337136336,1.3681241310935688,0.49675679737993517,1.8601598933004286,10.568219377573753,0.0011395175816382656,105.79980652787106,104.66289496215612,0.0035666475871372247,0.0009882113641387523,0.003945302207810535,0.0003998327745871659,0.0002350642957089722,2.6715330370316814,0.7597006541955229,1.4081210753038809
ramp_right,jacobi mirrored, scale frozen (LR test),-0.8713673337136336,1.3681241310935688,0.49675679737993517,0.8028080823339199,0.11858395846818187,0.0011481620670538539,62.099248474831306,60.962336909116374,0.0808409869696778,0.19613273159549138,0.020500534065833322,0.06545666241083867,0.3878144487004138,1.2224634916915367,0.08589746894451222,0.27580373314641776
ramp_right,RBF-GP (no space parameters),-,-,-,2.003920257705413,1.2042143536410896,0.0011551344397396127,105.83362164587132,nan,0.00876170049268763,0.018772141042040415,0.00497971266526891,0.0027620907947414498,0.03688668772048673,nan,nan,nan
ramp_left,jacobi Legendre (space fixed),0.0,0.0,0.0,1.4223699246937238,0.399804694236869,0.0011443323645194017,107.22153749387581,107.14827934432039,0.0036199934241579585,0.0011874056791129266,0.003990475652791511,0.0002361344922398822,0.0007950004596180286,0.6600147526721193,0.6600147526721193,0.4519966026386369
ramp_left,jacobi MAP space (alpha,beta learned),-0.8608850767923817,1.3166237833138936,0.45573870652151194,1.2449309420048005,0.12649728208105382,0.0011470166689879118,109.38518331405112,108.32087286954392,0.003881340617535256,0.003530785676395117,0.004026065207246462,0.0048259857270319855,0.0047185323379524404,0.5684358876240698,0.09086391080479334,0.22685460920559675
ramp_left,jacobi mirrored (wrong space),1.3166237833138936,-0.8608850767923817,0.45573870652151194,1.8434016151996877,9.368141847489573,0.0011395091357690058,105.83961964117049,104.77530919666329,0.00362870430639974,0.0013454232100554469,0.003988278475570039,3.0659778304329974e-05,0.001247455702373959,0.7589591332516625,2.5681352170628866,1.358173770479048
ramp_left,jacobi mirrored, scale frozen (LR test),1.3166237833138936,-0.8608850767923817,0.45573870652151194,0.8086747599214511,0.12649728208105382,0.0011470166689879118,62.54745680150463,61.48314635699744,0.048917948242523365,0.1199112310922053,0.01268536391513025,0.2466755300886175,0.049445476596914326,0.09455107052336707,1.2222314737260496,0.2839784381353039
ramp_left,RBF-GP (no space parameters),-,-,-,2.0244590710278314,1.3312957907171195,0.0011544250804646735,105.71659159862884,nan,0.0069074323150076075,0.01319983143067143,0.004951813143600723,0.02626672145138247,0.004772976172863502,nan,nan,nan
steep_right,jacobi Legendre (space fixed),0.0,0.0,0.0,0.30429045678282096,0.03760578659081017,0.001278515261148539,93.27041744584682,93.19715929629139,0.14035414736535023,0.3594505510417558,0.013888824775656531,0.018751203421283676,0.8113946596077796,0.6998861196890633,0.6998861196890633,0.2359942036561088
steep_right,jacobi MAP space (alpha,beta learned),3.2055324197581783,-0.6707410286873592,2.534791391070819,0.18756960913522877,0.0005125720322411792,0.0011455684069450363,104.2300443523159,101.92413456158928,0.07469138157676397,0.1919376171579758,0.0074964487911147884,1.9280679119727005e-05,0.683643773190366,0.008468187129779998,18.187654260781677,0.036273788471911914
steep_right,jacobi mirrored (wrong space),-0.6707410286873592,3.2055324197581783,2.534791391070819,0.555811955363982,2.3145668643758044,0.0014407384238650986,81.77265406991756,79.46674427919095,0.13318393902112333,0.3405506330837377,0.02023495235493158,0.006340127584582362,0.9078666846772694,27.428410035649733,0.4368624340946423,1.5326440210975842
steep_right,jacobi mirrored, scale frozen (LR test),-0.6707410286873592,3.2055324197581783,2.534791391070819,0.1719088734278186,0.0005125720322411792,0.0011455684069450363,-539.8520735980168,-542.1579833887433,0.3105787522399676,0.64315451980289,0.16618965864245683,0.23758536006204384,0.9981962204009054,25.31128163386335,0.00866984226252083,0.037672884876343384
steep_right,RBF-GP (no space parameters),-,-,-,0.24256295111108556,0.08962131792201258,0.0011842536420813901,93.55264821302231,nan,0.09019386833020145,0.22945934822171582,0.013217618372866152,0.08409005882035618,0.4990093040231632,nan,nan,nan
steep_left,jacobi Legendre (space fixed),0.0,0.0,0.0,0.27923988851105686,0.039546437389515646,0.0011418122068120307,94.2711352454167,94.19787709586127,0.05569528546772382,0.1405225821678113,0.011152080133794212,0.3539468607221608,0.01788482152484944,0.7762055634497378,0.7762055634497378,0.25138182722670666
steep_left,jacobi MAP space (alpha,beta learned),-0.7042954395028416,3.2636980937801052,2.559402654277264,0.23288203236401545,0.0006041442690990962,0.0010668566777433284,105.32013297610678,102.92053712182525,0.23659683228189568,0.6106918165311618,0.009902028895434232,1.8149972166655293,2.949557476217968e-05,9.39675881329198,0.007601407631824249,0.03586434893157461
steep_left,jacobi mirrored (wrong space),3.2636980937801052,-0.7042954395028416,2.559402654277264,0.4612812137149676,1.3544754842401792,0.0014027633323082374,80.31644589787487,77.91685004359334,0.18142048480993045,0.4669900461492053,0.015091925658423629,0.9029530608821913,0.8863974984915641,0.3101284482440771,39.37037317072866,1.2678701530525562
steep_left,jacobi mirrored, scale frozen (LR test),3.2636980937801052,-0.7042954395028416,2.559402654277264,0.2093545443122652,0.0006041442690990962,0.0010668566777433284,-1130.5244238663677,-1132.924019720649,0.2722801808664996,0.6198040673394264,0.10416028727193542,1.0017333149688195,0.22096793214489177,0.0077933670427834415,14.02904341726069,0.037544393075460335
steep_left,RBF-GP (no space parameters),-,-,-,0.25741695797018027,0.09911896991146156,0.0011523857988709756,94.69564882615259,nan,0.07562297017146041,0.19277139731190884,0.011577542273538428,0.4348805806883374,0.04898266665585081,nan,nan,nan
vanishing,jacobi Legendre (space fixed),0.0,0.0,0.0,0.1698741481150546,0.2358337455391247,0.0011045774927282929,67.94990137908997,67.87664322953454,0.022215004345213896,0.03800605487754812,0.017663029063256428,0.03484870046383994,0.00235696008329252,3.013579323294303,3.013579323294303,0.7700742045539852
vanishing,jacobi MAP space (alpha,beta learned),-0.690391549414767,-0.7509520859243582,-1.4413436353391251,0.16753751800098526,0.31242054898648924,0.001100791311776043,69.73733123791729,69.40949793851904,0.01962401361479087,0.027213186159999632,0.017571758666707887,0.0017184425608088628,0.00042738465264742693,0.5751681279597926,0.7327054816541881,0.8480356529199113
vanishing,jacobi mirrored (wrong space),-0.7509520859243582,-0.690391549414767,-1.4413436353391251,0.16765141838495928,0.3136456224725367,0.0011000644824660016,69.69747741816016,69.36964411876191,0.019292258064161676,0.02560866743021044,0.017574858663194692,0.0007086089666890167,0.00038733747602581704,0.7339800506461073,0.576193146667638,0.8493969945757867
vanishing,jacobi mirrored, scale frozen (LR test),-0.7509520859243582,-0.690391549414767,-1.4413436353391251,0.15489684537733628,0.31242054898648924,0.001100791311776043,68.8570006036062,68.52916730420795,0.02313968768197559,0.03937062257981872,0.018589144536641337,0.005083432314106109,0.000346252022317995,0.7514102458542139,0.5869685476077278,0.8832180784876286
vanishing,RBF-GP (no space parameters),-,-,-,0.17065933811181036,1.1429894580188253,0.0011119735557617264,71.42109748958174,nan,0.03524170675815088,0.08091866150303362,0.01675515987899215,0.021140095992475183,0.10053528547410134,nan,nan,nan
edge_support,jacobi Legendre (space fixed),0.0,0.0,0.0,0.7990300551547068,0.16130363616757465,0.001168454266073575,103.26620894739358,103.19295079783815,0.021031163463521158,0.05203422965643855,0.005990594544050523,0.08563109721034971,0.08520202737023176,0.6368462063354269,0.6368462063354269,0.330753648728382
edge_support,jacobi MAP space (alpha,beta learned),0.34641366766428927,0.3226725803042745,0.6690862479685638,0.7930858845710607,0.09884480725329119,0.001167492070995241,103.52808517548334,103.26332869767592,0.020369894673757813,0.05039168012830641,0.00584578221235753,0.08461131917469915,0.08132893041785073,0.6209378453873696,0.6339599235817179,0.27737715155751985
edge_support,jacobi mirrored (wrong space),0.3226725803042745,0.34641366766428927,0.6690862479685638,0.7937063911323263,0.09898674134184923,0.001167729150549342,103.5259226415098,103.26116616370237,0.02048556353781125,0.05068020492356128,0.0058644432386614305,0.08401161487091638,0.08276312930998803,0.6339422234462323,0.6209293367566294,0.277507437271015
edge_support,jacobi mirrored, scale frozen (LR test),0.3226725803042745,0.34641366766428927,0.6690862479685638,0.5839380934039182,0.09884480725329119,0.001167492070995241,102.42244078243021,102.15768430462279,0.04837468038475945,0.12367123880504238,0.006472792566674421,0.24784722599869244,0.18607084899093507,0.8601319082809024,0.837594331133051,0.3075485044301911
edge_support,RBF-GP (no space parameters),-,-,-,0.5556774338440847,0.287908129451646,0.001102303554818063,101.72923892041763,nan,0.06199144795743118,0.15765600376684116,0.009446931080493786,0.24510150293362387,0.2822237086395176,nan,nan,nan
