target,prior_sd,N,spectrum,edge,M,data_noise,seed,alpha,beta,gain,rmse,clamp,legendre_clamp,broke
ramp_right,0.75,30,se,0.85,60,0.001,3,-0.13339067357332712,-0.4140405445175651,0.17681548175852413,0.003558441375009063,0.00022087336733402974,0.0004667045907752385,False
ramp_right,1.0,30,se,0.85,60,0.001,3,0.04511664569849527,-0.5046070229668991,0.4412067428076796,0.0035614002658002383,0.00010776636362297822,0.0004667045907752385,False
ramp_right,1.5,30,se,0.85,60,0.001,3,0.6676117390603828,-0.7303868475607227,1.341915984371866,0.0036688818365120347,0.0016157243803572355,0.0004667045907752385,False
ramp_right,2.0,30,se,0.85,60,0.001,3,1.3681241310935688,-0.8713673337136336,2.26218509373993,0.003905534845972315,0.003108742913519232,0.0004667045907752385,False
ramp_right,3.0,30,se,0.85,60,0.001,3,2.3600836604796536,-0.9558596464356788,3.2346172354724274,0.004088158443704248,0.0030856890128644608,0.0004667045907752385,False
ramp_right,4.0,30,se,0.85,60,0.001,3,3.074532297554832,-0.9770839993634874,3.652993459933981,0.004101619411948167,0.0022143670777789643,0.0004667045907752385,False
steep_right,0.75,30,se,0.85,60,0.001,3,0.8693660390391547,-0.5589340859264934,5.306217684248253,0.09135021851673987,0.0028527252432033003,0.018751203421283676,False
steep_right,1.0,30,se,0.85,60,0.001,3,1.6563080424080017,-0.6027821823579975,7.946929107439445,0.08122192878367329,0.00034847201878946646,0.018751203421283676,False
steep_right,1.5,30,se,0.85,60,0.001,3,2.6238491475585435,-0.6465898591037191,10.153697130052876,0.07814527393836401,6.132942925924915e-05,0.018751203421283676,False
steep_right,2.0,30,se,0.85,60,0.001,3,3.2055324197581783,-0.6707410286873592,10.959626906469083,0.07469138157676397,1.9280679119727005e-05,0.018751203421283676,False
steep_right,3.0,30,se,0.85,60,0.001,3,3.9620224868004286,-0.7070045208037931,11.575679084956931,0.07129071860985745,5.070603608317904e-06,0.018751203421283676,False
steep_right,4.0,30,se,0.85,60,0.001,3,4.49398994975735,-0.744051158919413,11.825528016293788,0.07140102814290439,2.8468843834350683e-06,0.018751203421283676,False
vanishing,0.75,30,se,0.85,60,0.001,3,-0.4185666661639307,-0.4648543873815184,1.1110187903491635,0.01949699629196184,0.00036729595144949695,0.00235696008329252,False
vanishing,1.0,30,se,0.85,60,0.001,3,-0.48289492467995077,-0.5402202361365891,1.2838044927522958,0.01957180714491324,0.0002489672972481444,0.00235696008329252,False
vanishing,1.5,30,se,0.85,60,0.001,3,-0.6011131116504846,-0.6648715964992247,1.5784362476605622,0.019635985189682917,0.0003412470190468757,0.00235696008329252,False
vanishing,2.0,30,se,0.85,60,0.001,3,-0.690391549414767,-0.7509520859243582,1.7874298588273234,0.01962401361479087,0.00042738465264742693,0.00235696008329252,False
vanishing,3.0,30,se,0.85,60,0.001,3,-0.8003771759525996,-0.8491294581622923,2.03170741132476,0.019556248508437766,0.00042512330860129823,0.00235696008329252,False
vanishing,4.0,30,se,0.85,60,0.001,3,-0.860181097860844,-0.8986942926225048,2.15826005192406,0.019502930280187618,0.00036438744742580174,0.00235696008329252,False
ramp_right,2.0,16,se,0.85,60,0.001,3,1.3681241310935288,-0.8713673337137018,2.2621850937422323,0.0039055348459718113,0.0031087429135122084,0.0004667045907787531,False
ramp_right,2.0,24,se,0.85,60,0.001,3,1.368124131093495,-0.8713673337136528,2.2621850937431986,0.003905534845971862,0.003108742913513764,0.00046670459077961395,False
ramp_right,2.0,32,se,0.85,60,0.001,3,1.3681241310934893,-0.8713673337136552,2.262185093739845,0.0039055348459719136,0.0031087429135144475,0.0004667045907773459,False
ramp_right,2.0,48,se,0.85,60,0.001,3,1.36812413109342,-0.8713673337136262,2.262185093739504,0.0039055348459721426,0.0031087429135195233,0.0004667045907765136,False
ramp_right,2.0,64,se,0.85,60,0.001,3,1.3681241310934893,-0.8713673337136552,2.262185093739845,0.0039055348459719136,0.00310874291351445,0.0004667045907773709,False
steep_right,2.0,16,se,0.85,60,0.001,3,3.3963433415262223,-0.6615840973483001,11.087785913833983,0.6674897952755965,3.47611013319077e-05,0.019144158855187977,False
steep_right,2.0,24,se,0.85,60,0.001,3,3.2064193641517917,-0.6708459991660538,10.962278237596621,0.07524191282844352,1.9254316161549725e-05,0.018751206337283246,False
steep_right,2.0,32,se,0.85,60,0.001,3,3.20553429714454,-0.6707411902282734,10.95962874790132,0.07469934032826528,1.928041512364499e-05,0.01875120342139169,False
steep_right,2.0,48,se,0.85,60,0.001,3,3.205534359250186,-0.6707411187578595,10.959628228478607,0.07469664169553082,1.9280483579806077e-05,0.018751203421364958,False
steep_right,2.0,64,se,0.85,60,0.001,3,3.2055343592501933,-0.6707411187578679,10.95962822847784,0.07469664169563515,1.9280483579209403e-05,0.018751203421356628,False
vanishing,2.0,16,se,0.85,60,0.001,3,-0.6175643464227363,-0.4937624536602875,0.9553071684342171,0.10835998914373374,0.09815920916843059,0.6384237190933957,False
vanishing,2.0,24,se,0.85,60,0.001,3,-0.6779027877549432,-0.7414171278689332,1.693091649820758,0.03179809935668925,0.007546534780562251,0.022515993118728303,False
vanishing,2.0,32,se,0.85,60,0.001,3,-0.6899614235710532,-0.7515059018557628,1.7912650579370393,0.01955992126822289,0.0004449417657161865,0.0023401386856496203,False
vanishing,2.0,48,se,0.85,60,0.001,3,-0.6898592981808818,-0.7515914659376283,1.7911906846939019,0.019573321204874608,0.0004432503055129838,0.00235027825853832,False
vanishing,2.0,64,se,0.85,60,0.001,3,-0.6898595256598012,-0.7515916327791436,1.791191140497176,0.019573319407854672,0.00044325046121776603,0.002350278258173754,False
ramp_right,2.0,30,se,0.85,60,0.001,3,1.3681241310935688,-0.8713673337136336,2.26218509373993,0.003905534845972315,0.003108742913519232,0.0004667045907752385,False
ramp_right,2.0,30,exp,0.85,60,0.001,3,1.1679247017711791,-0.8647568810694368,1.8224738760175399,0.004008923038086629,0.00045151386616333513,0.001454561575963962,False
ramp_right,2.0,30,matern,0.85,60,0.001,3,0.8151056250899151,-0.8245223536798696,1.4170115340615155,0.007025155863105334,0.019847675296260515,0.02595340146153457,False
ramp_right,2.0,30,sll,0.85,60,0.001,3,0.1354899660920581,-0.8718591064392729,1.4108207206226098,0.00869939181090329,0.025672807021736632,0.04105469145182708,False
steep_right,2.0,30,se,0.85,60,0.001,3,3.2055324197581783,-0.6707410286873592,10.959626906469083,0.07469138157676397,1.9280679119727005e-05,0.018751203421283676,False
steep_right,2.0,30,exp,0.85,60,0.001,3,3.0023543417856953,-0.7147621824193959,9.62746720352709,0.03691833031358375,0.0003405446263300519,0.041719660010628906,False
steep_right,2.0,30,matern,0.85,60,0.001,3,2.938005015708281,-0.6905798951678596,9.080547232172165,0.0768856087408604,0.00042473863685726384,0.06871111967968456,False
steep_right,2.0,30,sll,0.85,60,0.001,3,2.8499323751469032,-0.7146218144103409,8.831716111946463,0.08896430176159988,0.000498783522343606,0.06499212837069018,False
vanishing,2.0,30,se,0.85,60,0.001,3,-0.690391549414767,-0.7509520859243582,1.7874298588273234,0.01962401361479087,0.00042738465264742693,0.00235696008329252,False
vanishing,2.0,30,exp,0.85,60,0.001,3,-0.7669006201149077,-0.7966543362735748,2.2910506446130725,0.033184348321106984,0.0170750275544595,0.20700279055933465,False
vanishing,2.0,30,matern,0.85,60,0.001,3,-0.7180579954714623,-0.7273795424045439,1.8807980633418993,0.04381927216267472,0.00837099818687288,0.027015563335225198,False
vanishing,2.0,30,sll,0.85,60,0.001,3,-0.7401430128041453,-0.7468144488085424,2.2602564350874843,0.0433166454932383,0.007084363022267209,0.03069977487096894,False
ramp_right,2.0,30,se,0.7,60,0.001,3,1.284396409622448,-0.8509949340125011,2.1934193753050693,0.00401821765581303,0.0059396432840271626,0.001566019406415779,False
ramp_right,2.0,30,se,0.8,60,0.001,3,1.3469283830055407,-0.8659865527018068,2.254265315257584,0.003926829313550205,0.004574315106448386,0.00018459793776260143,False
ramp_right,2.0,30,se,0.85,60,0.001,3,1.3681241310935688,-0.8713673337136336,2.26218509373993,0.003905534845972315,0.003108742913519232,0.0004667045907752385,False
ramp_right,2.0,30,se,0.9,60,0.001,3,1.3816463470108205,-0.8752700805267151,2.2550079422311455,0.0039055861149608455,0.0018077591765798824,0.00041345198788516095,False
ramp_right,2.0,30,se,0.95,60,0.001,3,1.3877320263530457,-0.8777930823667192,2.23419174484917,0.003923641374379674,0.0006855577238181769,0.0011054167121886114,False
ramp_right,2.0,30,se,0.999,60,0.001,3,1.3874461269230083,-0.8791212300875826,2.2030599967798423,0.003952832262207112,0.00024683740335107164,0.0016482008491827502,False
steep_right,2.0,30,se,0.7,60,0.001,3,3.8974819148280933,-0.6564815388451606,9.47717907790826,0.24869564530033936,4.1511305114305917e-07,0.3292489088081921,False
steep_right,2.0,30,se,0.8,60,0.001,3,3.413078882055241,-0.6584735228967502,9.990647886947073,0.11912777643853074,1.3053422107795024e-05,0.011198245535612817,False
steep_right,2.0,30,se,0.85,60,0.001,3,3.2055324197581783,-0.6707410286873592,10.959626906469083,0.07469138157676397,1.9280679119727005e-05,0.018751203421283676,False
steep_right,2.0,30,se,0.9,60,0.001,3,2.936981178029903,-0.6893441466578236,11.911661859198574,0.09733316157619652,0.00017757493936387627,0.045020019550590276,False
steep_right,2.0,30,se,0.95,60,0.001,3,2.70027145886033,-0.7057256704942594,11.969883427962088,0.07742733637819868,0.001093789091285137,0.0502749883310824,False
steep_right,2.0,30,se,0.999,60,0.001,3,2.6908733735140964,-0.7102806439096403,11.437814216691834,0.030921492568016355,0.0034844326396321875,0.004359547194391679,False
vanishing,2.0,30,se,0.7,60,0.001,3,-0.49685836367307334,-0.62925868613268,0.5543697972499899,0.056284063434872904,0.0002909712601429691,0.00039280987315634886,False
vanishing,2.0,30,se,0.8,60,0.001,3,-0.6383003559704139,-0.6972572757755473,1.1810923330174035,0.02861139659169358,0.0003941922364949272,0.001768685786862751,False
vanishing,2.0,30,se,0.85,60,0.001,3,-0.690391549414767,-0.7509520859243582,1.7874298588273234,0.01962401361479087,0.00042738465264742693,0.00235696008329252,False
vanishing,2.0,30,se,0.9,60,0.001,3,-0.7423745642947137,-0.7928081178325818,2.5693434915052933,0.01991807090265559,0.0022463080565223595,0.009008524867869027,False
vanishing,2.0,30,se,0.95,60,0.001,3,-0.7891884582321781,-0.8280760285075688,3.7023378416661004,0.022722143381606125,0.009513446675161255,0.07700020875659375,False
vanishing,2.0,30,se,0.999,60,0.001,3,-0.8282558099770077,-0.9058064578200864,6.5916851361311615,0.021008917789411836,0.018562648723287584,0.18677570553393288,False
ramp_right,2.0,30,se,0.85,60,0.001,100,1.301397129328922,-0.8485154498703266,2.2263335885122615,0.006696985476058567,0.006601004143578119,0.01075089782919835,False
ramp_right,2.0,30,se,0.85,60,0.001,101,1.1983941728002985,-0.8500490387376233,1.9612107317956884,0.01184147171523145,0.024943202723208935,0.026111677925973527,False
ramp_right,2.0,30,se,0.85,60,0.001,102,1.4069292576612749,-0.8685090130750944,2.3278023009758044,0.0051705390272054575,0.0028935944867457884,0.0036367497403999353,False
ramp_right,2.0,30,se,0.85,60,0.001,103,1.283927831377607,-0.8728050897319776,2.1308148057929657,0.007208619546389633,0.005996898880358079,0.005285984742298361,False
ramp_right,2.0,30,se,0.85,60,0.001,104,1.3551120585978595,-0.8510763283385663,2.3015911357456673,0.015163613596075643,0.02795394165379931,0.021221243111941034,False
steep_right,2.0,30,se,0.85,60,0.001,100,3.341899444913383,-0.6867212594190273,8.722002432108468,0.09495501116635512,1.4695910828653154e-06,0.0012876203998010058,False
steep_right,2.0,30,se,0.85,60,0.001,101,3.1996207006403514,-0.6840742821525634,9.747687070538547,0.25491427268043976,8.370161613021882e-05,0.06000341327362186,False
steep_right,2.0,30,se,0.85,60,0.001,102,3.5716850969352274,-0.666952028857877,10.394805121662444,0.4920498322947129,3.479452213873331e-05,0.036060308861235964,False
steep_right,2.0,30,se,0.85,60,0.001,103,3.6312232138931035,-0.7139065817583572,12.886152483299611,0.7357088233568825,6.277620929974595e-06,0.16006102876129336,False
steep_right,2.0,30,se,0.85,60,0.001,104,3.2343916755086237,-0.6810974944248542,9.615179565744654,0.1779163026571608,8.289367609282953e-05,0.12313294391456804,False
vanishing,2.0,30,se,0.85,60,0.001,100,-0.7183445874660787,-0.5281718885178979,1.0568494863210844,0.028022894239651982,0.0003737854428769699,0.0027342054762860097,False
vanishing,2.0,30,se,0.85,60,0.001,101,-0.7359228710372488,-0.7037660072597205,1.68273972431912,0.03170609367167526,0.007122219370434854,0.020749674531184797,False
vanishing,2.0,30,se,0.85,60,0.001,102,-0.7072553857450607,-0.658985008187122,1.2916437433204635,0.06603028048884574,0.00837752107905092,0.03099040326052683,False
vanishing,2.0,30,se,0.85,60,0.001,103,-0.7605329981132538,-0.6717429010069512,1.8590215412586701,0.06899859611004884,0.01513885592013621,0.057241850436382365,False
vanishing,2.0,30,se,0.85,60,0.001,104,-0.7532260868273731,-0.7329778286794362,2.040189426038104,0.01831057948466679,0.0018931254535558962,0.005891940205415211,False
